School Name,School Type,Starting Median Salary,Mid-Career Median Salary,Mid-Career 10th Percentile Salary,Mid-Career 25th Percentile Salary,Mid-Career 75th Percentile Salary,Mid-Career 90th Percentile Salary
Massachusetts Institute of Technology (MIT),Engineering,72200,126000,"$76,800.00 ",99200.00 ,"$168,000.00 ",220000
California Institute of Technology (CIT),Engineering,75500,123000,N/A,104000.00 ,"$161,000.00 ",N/A
Harvey Mudd College,Engineering,71800,122000,N/A,96000.00 ,"$180,000.00 ",N/A
"Polytechnic University of New York, Brooklyn",Engineering,62400,114000,"$66,800.00 ",94300.00 ,"$143,000.00 ",190000
Cooper Union,Engineering,62200,114000,N/A,80200.00 ,"$142,000.00 ",N/A
Worcester Polytechnic Institute (WPI),Engineering,61000,114000,"$80,000.00 ",91200.00 ,"$137,000.00 ",180000
Carnegie Mellon University (CMU),Engineering,61800,111000,"$63,300.00 ",80100.00 ,"$150,000.00 ",209000
Rensselaer Polytechnic Institute (RPI),Engineering,61100,110000,"$71,600.00 ",85500.00 ,"$140,000.00 ",182000
Georgia Institute of Technology,Engineering,58300,106000,"$67,200.00 ",85200.00 ,"$137,000.00 ",183000
Colorado School of Mines,Engineering,58100,106000,"$62,200.00 ",87900.00 ,"$142,000.00 ",201000
Stevens Institute of Technology,Engineering,60600,105000,"$68,700.00 ",81900.00 ,"$138,000.00 ",185000
Illinois Institute of Technology (IIT),Engineering,56000,97800,"$56,100.00 ",77400.00 ,"$121,000.00 ",165000
Wentworth Institute of Technology,Engineering,53000,96700,"$55,200.00 ",74000.00 ,"$117,000.00 ",153000
Virginia Polytechnic Institute and State University (Virginia Tech),Engineering,53500,95400,"$50,600.00 ",71400.00 ,"$124,000.00 ",163000
South Dakota School of Mines & Technology,Engineering,55800,93400,"$71,500.00 ",81900.00 ,"$122,000.00 ",147000
New Mexico Institute of Mining and Technology (New Mexico Tech),Engineering,51000,93400,N/A,67400.00 ,"$123,000.00 ",N/A
Rochester Institute of Technology (RIT),Engineering,48900,84600,"$45,000.00 ",62100.00 ,"$112,000.00 ",159000
Embry-Riddle Aeronautical University (ERAU),Engineering,52700,80700,"$49,800.00 ",64000.00 ,"$106,000.00 ",142000
Tennessee Technological University,Engineering,46200,80000,"$42,100.00 ",62600.00 ,"$99,500.00 ",121000
University of Illinois at Urbana-Champaign (UIUC),Party,52900,96100,"$48,200.00 ",68900.00 ,"$132,000.00 ",177000
"University of Maryland, College Park",Party,52000,95000,"$50,400.00 ",68300.00 ,"$126,000.00 ",166000
"University of California, Santa Barbara (UCSB)",Party,50500,95000,"$51,300.00 ",71200.00 ,"$129,000.00 ",173000
University of Texas (UT) - Austin,Party,49700,93900,"$50,100.00 ",67400.00 ,"$129,000.00 ",188000
State University of New York (SUNY) at Albany,Party,44500,92200,"$47,000.00 ",63100.00 ,"$135,000.00 ",209000
University of Florida (UF),Party,47100,87900,"$45,400.00 ",62900.00 ,"$120,000.00 ",172000
Louisiana State University (LSU),Party,46900,87800,"$43,700.00 ",61300.00 ,"$120,000.00 ",165000
University of Georgia (UGA),Party,44100,86000,"$43,100.00 ",57800.00 ,"$118,000.00 ",164000
Pennsylvania State University (PSU),Party,49900,85700,"$46,300.00 ",62000.00 ,"$117,000.00 ",160000
Arizona State University (ASU),Party,47400,84100,"$44,600.00 ",60700.00 ,"$114,000.00 ",163000
"Indiana University (IU), Bloomington",Party,46300,84000,"$43,600.00 ",60400.00 ,"$119,000.00 ",178000
University of Iowa (UI),Party,44700,83900,"$43,300.00 ",61100.00 ,"$116,000.00 ",163000
Randolph-Macon College,Party,42600,83600,N/A,54100.00 ,"$123,000.00 ",N/A
"University of Alabama, Tuscaloosa",Party,41300,81400,"$40,100.00 ",56500.00 ,"$117,000.00 ",161000
University of Mississippi,Party,41400,79700,"$40,400.00 ",53500.00 ,"$108,000.00 ",186000
University of New Hampshire (UNH),Party,41800,78300,"$41,700.00 ",56400.00 ,"$114,000.00 ",147000
West Virginia University (WVU),Party,43100,78100,"$39,700.00 ",55700.00 ,"$106,000.00 ",141000
University of Tennessee,Party,43800,74600,"$41,900.00 ",53200.00 ,"$106,000.00 ",153000
Ohio University,Party,42200,73400,"$36,600.00 ",52800.00 ,"$106,000.00 ",150000
Florida State University (FSU),Party,42100,73000,"$39,600.00 ",52800.00 ,"$107,000.00 ",156000
Bucknell University,Liberal Arts,54100,110000,"$62,800.00 ",80600.00 ,"$156,000.00 ",251000
Colgate University,Liberal Arts,52800,108000,"$60,000.00 ",76700.00 ,"$167,000.00 ",265000
Amherst College,Liberal Arts,54500,107000,N/A,84900.00 ,"$162,000.00 ",N/A
Lafayette College,Liberal Arts,53900,107000,"$70,600.00 ",79300.00 ,"$144,000.00 ",204000
Bowdoin College,Liberal Arts,48100,107000,N/A,74600.00 ,"$146,000.00 ",N/A
College of the Holy Cross,Liberal Arts,50200,106000,N/A,65600.00 ,"$143,000.00 ",N/A
Occidental College,Liberal Arts,51900,105000,N/A,54800.00 ,"$157,000.00 ",N/A
Washington and Lee University,Liberal Arts,53600,104000,N/A,82800.00 ,"$146,000.00 ",N/A
Swarthmore College,Liberal Arts,49700,104000,N/A,67200.00 ,"$167,000.00 ",N/A
Davidson College,Liberal Arts,46100,104000,N/A,70500.00 ,"$146,000.00 ",N/A
Carleton College,Liberal Arts,47500,103000,N/A,69400.00 ,"$141,000.00 ",N/A
Williams College,Liberal Arts,51700,102000,N/A,76400.00 ,"$143,000.00 ",N/A
Pomona College,Liberal Arts,48600,101000,N/A,63300.00 ,"$161,000.00 ",N/A
"Wesleyan University (Middletown, Connecticut)",Liberal Arts,46500,97900,"$42,000.00 ",62500.00 ,"$126,000.00 ",215000
Bates College,Liberal Arts,47300,96500,N/A,60700.00 ,"$162,000.00 ",N/A
Union College,Liberal Arts,47200,95800,"$48,700.00 ",75200.00 ,"$135,000.00 ",230000
University of Richmond,Liberal Arts,48600,94600,"$44,500.00 ",59400.00 ,"$151,000.00 ",211000
Vassar College,Liberal Arts,46000,94600,N/A,60600.00 ,"$123,000.00 ",N/A
Middlebury College,Liberal Arts,47700,94200,N/A,69100.00 ,"$129,000.00 ",N/A
Mount Holyoke College,Liberal Arts,42400,94100,N/A,57100.00 ,"$131,000.00 ",N/A
Franklin and Marshall College,Liberal Arts,49100,92800,N/A,55800.00 ,"$185,000.00 ",N/A
DePauw University,Liberal Arts,41400,88300,"$49,500.00 ",57400.00 ,"$133,000.00 ",185000
St. Olaf College,Liberal Arts,45300,86200,"$41,300.00 ",61000.00 ,"$120,000.00 ",185000
Colby College,Liberal Arts,46400,85800,N/A,63500.00 ,"$129,000.00 ",N/A
Gettysburg College,Liberal Arts,44700,85800,N/A,66300.00 ,"$132,000.00 ",N/A
Siena College,Liberal Arts,45500,85200,"$38,700.00 ",58400.00 ,"$129,000.00 ",189000
Smith College,Liberal Arts,44000,83900,"$45,100.00 ",59800.00 ,"$129,000.00 ",184000
Hamilton College,Liberal Arts,49200,83700,N/A,51900.00 ,"$123,000.00 ",N/A
Randolph-Macon College,Liberal Arts,42600,83600,N/A,54100.00 ,"$123,000.00 ",N/A
Wellesley College,Liberal Arts,42800,83500,N/A,58600.00 ,"$125,000.00 ",N/A
Denison University,Liberal Arts,42000,83500,N/A,62100.00 ,"$122,000.00 ",N/A
Oberlin College,Liberal Arts,43400,81600,N/A,46400.00 ,"$128,000.00 ",N/A
University of Puget Sound,Liberal Arts,46600,81500,"$48,900.00 ",60100.00 ,"$104,000.00 ",137000
Colorado College (CC),Liberal Arts,38500,81400,N/A,43000.00 ,"$148,000.00 ",N/A
Reed College,Liberal Arts,40500,81100,N/A,67400.00 ,"$101,000.00 ",N/A
Gustavus Adolphus College,Liberal Arts,44500,80600,N/A,49300.00 ,"$101,000.00 ",N/A
Whitman College,Liberal Arts,43500,80100,N/A,64800.00 ,"$111,000.00 ",N/A
Ursinus College,Liberal Arts,42100,80000,"$35,600.00 ",54300.00 ,"$100,000.00 ",160000
Juniata College,Liberal Arts,41800,78900,N/A,67200.00 ,"$110,000.00 ",N/A
Wittenberg University,Liberal Arts,39200,78200,N/A,54100.00 ,"$131,000.00 ",N/A
Grinnell College,Liberal Arts,42600,76600,N/A,65100.00 ,"$116,000.00 ",N/A
Skidmore College,Liberal Arts,41600,74600,N/A,42800.00 ,"$147,000.00 ",N/A
Moravian College,Liberal Arts,42500,74400,N/A,56700.00 ,"$94,900.00 ",N/A
Lewis & Clark College,Liberal Arts,38900,72600,"$38,200.00 ",53400.00 ,"$104,000.00 ",140000
Fort Lewis College,Liberal Arts,42000,69800,N/A,55000.00 ,"$94,000.00 ",N/A
Thomas Aquinas College,Liberal Arts,41500,67500,N/A,44600.00 ,"$93,100.00 ",N/A
Evergreen State College,Liberal Arts,39500,63900,"$38,800.00 ",47200.00 ,"$91,600.00 ",120000
Dartmouth College,Ivy League,58000,134000,"$63,100.00 ",90200.00 ,"$234,000.00 ",321000
Princeton University,Ivy League,66500,131000,"$68,900.00 ",100000.00 ,"$190,000.00 ",261000
Yale University,Ivy League,59100,126000,"$58,000.00 ",80600.00 ,"$198,000.00 ",326000
Harvard University,Ivy League,63400,124000,"$54,800.00 ",86200.00 ,"$179,000.00 ",288000
University of Pennsylvania,Ivy League,60900,120000,"$55,900.00 ",79200.00 ,"$192,000.00 ",282000
Cornell University,Ivy League,60300,110000,"$56,800.00 ",79800.00 ,"$160,000.00 ",210000
Brown University,Ivy League,56200,109000,"$55,400.00 ",74400.00 ,"$159,000.00 ",228000
Columbia University,Ivy League,59400,107000,"$50,300.00 ",71900.00 ,"$161,000.00 ",241000
"University of California, Berkeley",State,59900,112000,"$59,500.00 ",81000.00 ,"$149,000.00 ",201000
University of Virginia (UVA),State,52700,103000,"$52,200.00 ",71800.00 ,"$146,000.00 ",215000
Cal Poly San Luis Obispo,State,57200,101000,"$55,000.00 ",74700.00 ,"$133,000.00 ",178000
University of California at Los Angeles (UCLA),State,52600,101000,"$51,300.00 ",72500.00 ,"$139,000.00 ",193000
"University of California, San Diego (UCSD)",State,51100,101000,"$51,700.00 ",75400.00 ,"$131,000.00 ",177000
"University of California, Davis",State,52300,99600,"$52,000.00 ",71600.00 ,"$135,000.00 ",202000
University of Colorado - Boulder (UCB),State,47100,97600,"$51,600.00 ",69000.00 ,"$128,000.00 ",187000
"University of California, Irvine (UCI)",State,48300,96700,"$47,800.00 ",66000.00 ,"$123,000.00 ",172000
University of Illinois at Urbana-Champaign (UIUC),State,52900,96100,"$48,200.00 ",68900.00 ,"$132,000.00 ",177000
Texas A&M University,State,49700,96100,"$51,100.00 ",71300.00 ,"$131,000.00 ",171000
Binghamton University,State,53600,95900,"$50,900.00 ",71200.00 ,"$146,000.00 ",201000
University of Missouri - Rolla (UMR),State,57100,95800,"$67,600.00 ",80400.00 ,"$122,000.00 ",166000
San Jose State University (SJSU),State,53500,95600,"$50,700.00 ",70500.00 ,"$122,000.00 ",156000
"University of Maryland, College Park",State,52000,95000,"$50,400.00 ",68300.00 ,"$126,000.00 ",166000
"University of California, Santa Barbara (UCSB)",State,50500,95000,"$51,300.00 ",71200.00 ,"$129,000.00 ",173000
University of Texas (UT) - Austin,State,49700,93900,"$50,100.00 ",67400.00 ,"$129,000.00 ",188000
University of Michigan,State,52700,93000,"$50,900.00 ",69400.00 ,"$128,000.00 ",182000
Stony Brook University,State,49500,93000,"$47,200.00 ",67100.00 ,"$129,000.00 ",181000
State University of New York (SUNY) at Albany,State,44500,92200,"$47,000.00 ",63100.00 ,"$135,000.00 ",209000
Rutgers University,State,50300,91800,"$48,100.00 ",65100.00 ,"$128,000.00 ",176000
Purdue University,State,51400,90500,"$49,900.00 ",67400.00 ,"$121,000.00 ",168000
University of Connecticut (UConn),State,48000,88800,"$46,100.00 ",66400.00 ,"$120,000.00 ",162000
University of Massachusetts (UMass) - Amherst,State,46600,88200,"$43,100.00 ",61300.00 ,"$122,000.00 ",168000
"California State University (CSU), Chico",State,47400,88100,"$46,800.00 ",62800.00 ,"$122,000.00 ",154000
University of Florida (UF),State,47100,87900,"$45,400.00 ",62900.00 ,"$120,000.00 ",172000
University of Wisconsin (UW) - Madison,State,48900,87800,"$47,400.00 ",62400.00 ,"$118,000.00 ",170000
Louisiana State University (LSU),State,46900,87800,"$43,700.00 ",61300.00 ,"$120,000.00 ",165000
"California State University, Fullerton (CSUF)",State,45700,87000,"$45,400.00 ",62500.00 ,"$119,000.00 ",158000
George Mason University,State,47800,86900,"$51,300.00 ",67200.00 ,"$114,000.00 ",150000
University of Massachusetts (UMass) - Lowell,State,45400,86600,"$50,900.00 ",65000.00 ,"$113,000.00 ",158000
San Francisco State University (SFSU),State,47300,86400,"$45,100.00 ",62700.00 ,"$114,000.00 ",150000
University of Arizona,State,47500,86100,"$44,800.00 ",61700.00 ,"$117,000.00 ",160000
Clemson University,State,48400,86000,"$50,500.00 ",61800.00 ,"$111,000.00 ",150000
University of Georgia (UGA),State,44100,86000,"$43,100.00 ",57800.00 ,"$118,000.00 ",164000
Pennsylvania State University (PSU),State,49900,85700,"$46,300.00 ",62000.00 ,"$117,000.00 ",160000
University of Washington (UW),State,48800,85300,"$47,000.00 ",59800.00 ,"$115,000.00 ",149000
Michigan State University (MSU),State,46300,85300,"$44,200.00 ",61500.00 ,"$119,000.00 ",170000
University of Rhode Island (URI),State,43900,85300,"$45,400.00 ",60100.00 ,"$112,000.00 ",157000
San Diego State University (SDSU),State,46200,85200,"$45,500.00 ",61800.00 ,"$116,000.00 ",158000
Auburn University,State,45400,84700,"$45,400.00 ",62700.00 ,"$109,000.00 ",145000
Washington State University (WSU),State,45300,84700,"$43,600.00 ",59000.00 ,"$113,000.00 ",162000
"California State University, Long Beach (CSULB)",State,45100,84700,"$47,400.00 ",62500.00 ,"$113,000.00 ",154000
Iowa State University,State,45400,84600,"$44,400.00 ",60000.00 ,"$109,000.00 ",147000
University of Delaware,State,45900,84500,"$44,500.00 ",64000.00 ,"$119,000.00 ",165000
University of Colorado - Denver,State,46100,84400,"$46,400.00 ",58600.00 ,"$105,000.00 ",144000
"California State University, East Bay (CSUEB)",State,49200,84300,"$46,000.00 ",62400.00 ,"$115,000.00 ",155000
State University of New York (SUNY) at Farmingdale,State,47300,84200,"$50,200.00 ",59800.00 ,"$110,000.00 ",162000
University of Minnesota,State,46200,84200,"$49,000.00 ",63200.00 ,"$112,000.00 ",148000
Arizona State University (ASU),State,47400,84100,"$44,600.00 ",60700.00 ,"$114,000.00 ",163000
"University of California, Santa Cruz (UCSC)",State,44700,84100,"$46,100.00 ",62000.00 ,"$121,000.00 ",165000
"Indiana University (IU), Bloomington",State,46300,84000,"$43,600.00 ",60400.00 ,"$119,000.00 ",178000
University of Iowa (UI),State,44700,83900,"$43,300.00 ",61100.00 ,"$116,000.00 ",163000
Ohio State University (OSU),State,44900,83700,"$45,500.00 ",60700.00 ,"$116,000.00 ",162000
North Carolina State University (NCSU),State,47200,83300,"$49,200.00 ",64800.00 ,"$112,000.00 ",153000
Oregon State University (OSU),State,45100,83300,"$46,900.00 ",64000.00 ,"$113,000.00 ",146000
University of Utah,State,45400,83200,"$43,000.00 ",58400.00 ,"$116,000.00 ",148000
"University of Nevada, Reno (UNR)",State,46500,82900,"$41,900.00 ",54600.00 ,"$113,000.00 ",143000
University of Oklahoma,State,44700,82900,"$41,200.00 ",60300.00 ,"$114,000.00 ",167000
University of Arkansas,State,44100,82800,"$43,200.00 ",60700.00 ,"$113,000.00 ",160000
University of Vermont (UVM),State,44800,82700,"$44,700.00 ",58000.00 ,"$122,000.00 ",194000
University of Alabama at Huntsville (UAH),State,43100,82700,"$46,100.00 ",67800.00 ,"$106,000.00 ",132000
"California State University, Sacramento (CSUS)",State,47800,82400,"$42,900.00 ",59600.00 ,"$111,000.00 ",154000
University of Idaho,State,44900,82000,"$43,000.00 ",56700.00 ,"$104,000.00 ",142000
University of Illinois at Chicago,State,47500,81700,"$44,700.00 ",58800.00 ,"$110,000.00 ",146000
State University of New York (SUNY) at Buffalo,State,46200,81700,"$45,900.00 ",61400.00 ,"$110,000.00 ",147000
University of Kansas,State,42400,81600,"$44,800.00 ",57200.00 ,"$115,000.00 ",156000
University of New Mexico (UNM),State,41600,81600,"$41,800.00 ",59100.00 ,"$105,000.00 ",141000
University of North Carolina at Chapel Hill (UNCH),State,42900,81500,"$43,400.00 ",57500.00 ,"$117,000.00 ",155000
"University of Alabama, Tuscaloosa",State,41300,81400,"$40,100.00 ",56500.00 ,"$117,000.00 ",161000
"University of California, Riverside (UCR)",State,46800,81300,"$37,200.00 ",59900.00 ,"$109,000.00 ",134000
State University of New York (SUNY) at Geneseo,State,42300,81300,"$39,300.00 ",47600.00 ,"$117,000.00 ",173000
University of Missouri - Columbia,State,41700,81000,"$43,500.00 ",57100.00 ,"$111,000.00 ",156000
University of Nebraska,State,45700,80900,"$42,200.00 ",56600.00 ,"$113,000.00 ",156000
University of Texas at Arlington (UTA),State,45400,80800,"$46,400.00 ",61200.00 ,"$106,000.00 ",138000
Northern Illinois University (NIU),State,43600,80800,"$43,900.00 ",60200.00 ,"$111,000.00 ",161000
Oklahoma State University,State,42800,80700,"$40,100.00 ",56500.00 ,"$114,000.00 ",151000
University of North Dakota,State,44000,80600,"$43,400.00 ",56400.00 ,"$111,000.00 ",157000
"California State University, Northridge (CSUN)",State,45500,80400,"$44,500.00 ",57800.00 ,"$108,000.00 ",153000
University of Houston (UH),State,46000,79900,"$42,000.00 ",56200.00 ,"$106,000.00 ",141000
University of Mississippi,State,41400,79700,"$40,400.00 ",53500.00 ,"$108,000.00 ",186000
New Mexico State University,State,44300,79500,"$37,400.00 ",53800.00 ,"$102,000.00 ",131000
Lamar University,State,46500,79400,"$38,700.00 ",51600.00 ,"$114,000.00 ",158000
Mississippi State University (MSU),State,44500,79300,"$43,300.00 ",58800.00 ,"$108,000.00 ",151000
Colorado State University (CSU),State,44800,79000,"$43,800.00 ",57100.00 ,"$112,000.00 ",150000
Kansas State University (KSU),State,43300,79000,"$37,200.00 ",54100.00 ,"$106,000.00 ",138000
University of Wyoming (UW),State,44500,78700,"$41,500.00 ",54000.00 ,"$105,000.00 ",145000
Utah State University,State,43800,78700,"$41,600.00 ",55400.00 ,"$101,000.00 ",132000
University of Wisconsin (UW) - Platteville,State,45800,78500,"$48,400.00 ",61200.00 ,"$100,000.00 ",139000
University of Oregon,State,42200,78400,"$38,100.00 ",56200.00 ,"$117,000.00 ",186000
University of Kentucky (UK),State,42800,78300,"$43,000.00 ",57300.00 ,"$107,000.00 ",149000
University of New Hampshire (UNH),State,41800,78300,"$41,700.00 ",56400.00 ,"$114,000.00 ",147000
University of Massachusetts (UMass) - Boston,State,45600,78200,"$36,300.00 ",53800.00 ,"$109,000.00 ",151000
West Virginia University (WVU),State,43100,78100,"$39,700.00 ",55700.00 ,"$106,000.00 ",141000
University of Maryland Baltimore County (UMBC),State,47000,77800,"$46,900.00 ",59100.00 ,"$105,000.00 ",130000
North Dakota State University (NDSU),State,45100,77800,"$39,000.00 ",55800.00 ,"$100,000.00 ",123000
State University of New York (SUNY) at Oswego,State,38000,77800,"$40,400.00 ",53000.00 ,"$115,000.00 ",169000
University of Massachusetts (UMass) - Dartmouth,State,43200,77700,"$43,300.00 ",56200.00 ,"$107,000.00 ",132000
Montana State University - Bozeman,State,46600,77500,"$40,200.00 ",58100.00 ,"$111,000.00 ",151000
State University of New York (SUNY) at Oneonta,State,37500,76700,"$40,000.00 ",54300.00 ,"$97,700.00 ",155000
University of Louisiana (UL) at Lafayette,State,41100,76300,"$42,000.00 ",54500.00 ,"$107,000.00 ",163000
State University of New York (SUNY) at Plattsburgh,State,40800,76200,"$38,400.00 ",54100.00 ,"$105,000.00 ",136000
Wayne State University,State,42800,76100,"$40,100.00 ",56200.00 ,"$101,000.00 ",139000
University of Hawaii,State,43800,76000,"$40,400.00 ",56300.00 ,"$104,000.00 ",128000
University of Toledo,State,43100,75900,"$40,100.00 ",54100.00 ,"$100,000.00 ",133000
Florida International University (FIU),State,43200,75500,"$40,500.00 ",55800.00 ,"$98,200.00 ",136000
University of Wisconsin (UW) - Whitewater,State,40800,75500,"$38,200.00 ",53500.00 ,"$99,300.00 ",150000
Western Washington University,State,42700,75400,"$41,300.00 ",56700.00 ,"$99,200.00 ",119000
Minnesota State University - Mankato,State,43300,74700,"$39,500.00 ",53800.00 ,"$95,700.00 ",140000
University of Tennessee,State,43800,74600,"$41,900.00 ",53200.00 ,"$106,000.00 ",153000
University of Wisconsin (UW) - Milwaukee,State,42300,74600,"$40,600.00 ",54000.00 ,"$93,700.00 ",123000
University of Arkansas - Monticello (UAM),State,39200,74500,"$32,800.00 ",46100.00 ,"$110,000.00 ",161000
Penn State - Harrisburg,State,45700,74000,"$44,000.00 ",53100.00 ,"$104,000.00 ",150000
University of North Carolina at Charlotte (UNCC),State,43100,74000,"$38,200.00 ",53200.00 ,"$99,500.00 ",133000
Georgia State University,State,41800,74000,"$43,000.00 ",55300.00 ,"$99,900.00 ",145000
Western Michigan University (WMU),State,42300,73800,"$40,100.00 ",52500.00 ,"$103,000.00 ",135000
South Dakota State University (SDSU),State,41100,73500,"$34,100.00 ",49900.00 ,"$99,400.00 ",129000
Idaho State University,State,44900,73400,"$35,400.00 ",49600.00 ,"$101,000.00 ",143000
Ohio University,State,42200,73400,"$36,600.00 ",52800.00 ,"$106,000.00 ",150000
Illinois State University,State,42000,73400,"$39,100.00 ",55200.00 ,"$105,000.00 ",142000
Cleveland State University,State,43500,73100,"$39,500.00 ",51600.00 ,"$97,000.00 ",137000
Florida State University (FSU),State,42100,73000,"$39,600.00 ",52800.00 ,"$107,000.00 ",156000
"University of Alaska, Anchorage",State,45900,72600,"$39,800.00 ",56600.00 ,"$99,300.00 ",137000
Fitchburg State College,State,42400,72600,"$43,300.00 ",56100.00 ,"$99,600.00 ",151000
University of Nebraska at Omaha,State,41500,72600,"$39,500.00 ",54400.00 ,"$97,400.00 ",126000
Southern Illinois University Carbondale,State,43000,72500,"$38,300.00 ",51300.00 ,"$99,300.00 ",139000
University of Texas at El Paso (UTEP),State,43400,72100,"$37,700.00 ",50400.00 ,"$99,500.00 ",133000
"California State University, Dominguez Hills (CSUDH)",State,42700,72100,"$30,800.00 ",47000.00 ,"$92,200.00 ",132000
University Of Maine,State,41200,72100,"$41,700.00 ",55600.00 ,"$99,300.00 ",141000
Eastern Michigan University,State,40300,72100,"$37,900.00 ",52800.00 ,"$95,400.00 ",135000
Bowling Green State University,State,39800,72100,"$38,200.00 ",51800.00 ,"$101,000.00 ",146000
University of Montana,State,37300,71900,"$37,000.00 ",51500.00 ,"$96,400.00 ",138000
University of Central Florida (UCF),State,42600,71700,"$39,500.00 ",51500.00 ,"$98,400.00 ",125000
University of South Carolina,State,40000,71700,"$36,300.00 ",49900.00 ,"$98,400.00 ",131000
"University of Nevada, Las Vegas (UNLV)",State,45200,71600,"$39,000.00 ",52400.00 ,"$100,000.00 ",128000
St. Cloud State University,State,41800,71400,"$38,700.00 ",49400.00 ,"$101,000.00 ",126000
University of Wisconsin (UW) - Parkside,State,40700,71400,"$40,900.00 ",53100.00 ,"$84,900.00 ",119000
"California State University (CSU), Stanislaus",State,38000,71400,"$33,700.00 ",50500.00 ,"$94,100.00 ",121000
Humboldt State University,State,42600,71300,"$36,000.00 ",56300.00 ,"$94,400.00 ",117000
Florida Atlantic University (FAU),State,42600,71100,"$40,700.00 ",53000.00 ,"$99,500.00 ",137000
University of South Florida (USF),State,41100,71100,"$39,600.00 ",51500.00 ,"$98,100.00 ",131000
Portland State University (PSU),State,42600,70900,"$40,700.00 ",52300.00 ,"$94,400.00 ",123000
Eastern Washington University,State,38600,70900,"$36,000.00 ",50500.00 ,"$93,100.00 ",117000
University of Texas at San Antonio (UTSA),State,42500,70700,"$39,100.00 ",49800.00 ,"$92,700.00 ",121000
University of Akron,State,41100,70300,"$40,600.00 ",53300.00 ,"$95,200.00 ",127000
State University of New York (SUNY) at Potsdam,State,38000,70300,"$35,100.00 ",51200.00 ,"$100,000.00 ",179000
University of Alabama at Birmingham (UAB),State,39200,70100,"$43,000.00 ",53400.00 ,"$91,400.00 ",125000
University of Memphis (U of M),State,41400,69700,"$36,100.00 ",49100.00 ,"$93,500.00 ",127000
Boise State University (BSU),State,40800,69500,"$37,400.00 ",48700.00 ,"$87,500.00 ",110000
Missouri State University (MSU),State,36100,69500,"$33,300.00 ",46900.00 ,"$102,000.00 ",134000
University of Wisconsin (UW) - La Crosse,State,42200,69300,"$37,500.00 ",47200.00 ,"$93,100.00 ",133000
Appalachian State University,State,40400,69100,"$37,200.00 ",50400.00 ,"$90,800.00 ",115000
Virginia Commonwealth University (VCU),State,42000,68400,"$37,400.00 ",51900.00 ,"$100,000.00 ",123000
University of Wisconsin (UW) - Stout,State,43600,68300,"$40,900.00 ",50600.00 ,"$91,600.00 ",136000
East Carolina University (ECU),State,40200,67500,"$38,400.00 ",52000.00 ,"$98,700.00 ",151000
Utah Valley State College,State,42400,67100,"$27,000.00 ",44100.00 ,"$84,900.00 ",110000
University of Missouri - St. Louis (UMSL),State,41400,67100,"$36,800.00 ",49600.00 ,"$97,600.00 ",144000
Western Carolina University,State,36900,66600,"$39,000.00 ",49500.00 ,"$94,400.00 ",133000
University of Wisconsin (UW) - Oshkosh,State,39300,66400,"$37,700.00 ",49700.00 ,"$90,100.00 ",138000
State University of New York (SUNY) at Fredonia,State,37800,66200,"$32,800.00 ",44200.00 ,"$93,300.00 ",181000
University of Missouri - Kansas City (UMKC),State,38900,65800,"$36,300.00 ",48100.00 ,"$95,800.00 ",124000
University of Wisconsin (UW) - Eau Claire,State,41400,64800,"$35,000.00 ",47300.00 ,"$93,100.00 ",125000
Ball State University (BSU),State,39100,64500,"$35,500.00 ",48200.00 ,"$89,300.00 ",128000
University of North Carolina at Wilmington (UNCW),State,37500,64400,"$32,100.00 ",46600.00 ,"$97,100.00 ",129000
University of Wisconsin (UW) - Stevens Point,State,39800,64000,"$38,400.00 ",45100.00 ,"$95,400.00 ",128000
University of Southern Maine,State,39400,63600,"$40,400.00 ",47900.00 ,"$85,700.00 ",117000
Arkansas State University (ASU),State,38700,63300,"$33,600.00 ",45300.00 ,"$83,900.00 ",118000
Kent State University,State,38700,62600,"$36,100.00 ",45800.00 ,"$87,000.00 ",124000
Tarleton State University (TSU),State,40800,62400,"$32,100.00 ",47400.00 ,"$80,400.00 ",126000
University of Wisconsin (UW) - Green Bay,State,35800,60600,"$35,500.00 ",46800.00 ,"$81,800.00 ",102000
Morehead State University,State,34800,60600,"$34,300.00 ",46500.00 ,"$72,000.00 ",91300
Austin Peay State University,State,37700,59200,"$32,200.00 ",40500.00 ,"$73,900.00 ",96200
Pittsburg State University,State,40400,58200,"$25,600.00 ",46000.00 ,"$84,600.00 ",117000
Southern Utah University,State,41900,56500,"$30,700.00 ",39700.00 ,"$78,400.00 ",116000
Montana State University - Billings,State,37900,50600,"$22,600.00 ",31800.00 ,"$78,500.00 ",98900
Black Hills State University,State,35300,43900,"$27,000.00 ",32200.00 ,"$60,900.00 ",87600
